target_key,target_label,column,row_count,missing_count,mean,min,median,max,positive_count,positive_rate
returned,재방문 여부,returned_d4_28,648529,0,0.44028100516707813,0.0,0.0,1.0,285535,0.44028100516707813
paid,결제 여부,paid_d4_28,648529,0,0.04319775985345297,0.0,0.0,1.0,28015,0.04319775985345297
payment_count,결제 횟수,payment_count_d4_28,648529,0,0.06534171949134117,0.0,0.0,51.0,28015,0.04319775985345297
active_days,활동일수,active_days_d4_28,648529,0,2.1833456946412575,0.0,0.0,25.0,298340,0.4600256889051993
bought_hearts,구매 하트 수,bought_hearts_d4_28,648529,0,51.90486624345249,0.0,0.0,56000.0,28015,0.04319775985345297
