window,sent_vote_rate
D0,0.6002465794431749
D0-D1,0.6747759105154251
D0-D3,0.7147409141338781
D0-D7,0.7346462634264668
D0-D14,0.7440588704562955
D0-D28,0.7469906660885371
