metric,mean,median,max
받은 친구 요청: 서로 다른 발신자 수,25.290348149412576,21.0,218.0
보낸 친구 요청: 서로 다른 수신자 수,25.290348149412576,20.0,1549.0
